node_num,node_name,node_type
1,ABCA1,gene
2,ABCC1,gene
3,ABCC8,gene
4,ABCF2,gene
5,ABHD5,gene
6,ABI1,gene
7,ABI2,gene
8,ABL1,gene
9,ABL2,gene
10,ABLIM1,gene
11,ABLIM2,gene
12,ABLIM3,gene
13,ACAA1,gene
14,ACACA,gene
15,ACADM,gene
16,ACIN1,gene
17,ACOX1,gene
18,ACOX3,gene
19,ACP1,gene
20,ACP5,gene
21,ACSBG2,gene
22,ACSL1,gene
23,ACSL3,gene
24,ACSL6,gene
25,ACTA2,gene
26,ACTB,gene
27,ACTG1,gene
28,ACTL6A,gene
29,ACTL6B,gene
30,ACTN1,gene
31,ACTN4,gene
32,ACTR2,gene
33,ACTR3,gene
34,ACTR3B,gene
35,ACTR3C,gene
36,ACVR1,gene
37,ACVR1B,gene
38,ACVR1C,gene
39,ACVR2A,gene
40,ACVR2B,gene
41,ACVRL1,gene
42,ADAM10,gene
43,ADAM17,gene
44,ADCY1,gene
45,ADCY2,gene
46,ADCY3,gene
47,ADCY4,gene
48,ADCY5,gene
49,ADCY6,gene
50,ADCY7,gene
51,ADCY8,gene
52,ADCY9,gene
53,ADCYAP1,gene
54,ADCYAP1R1,gene
55,ADIPOR1,gene
56,ADIPOR2,gene
57,ADM,gene
58,ADORA2A,gene
59,ADORA2B,gene
60,ADRA1A,gene
61,ADRA1B,gene
62,ADRA1D,gene
63,ADRA2A,gene
64,ADRA2B,gene
65,ADRA2C,gene
66,ADRB1,gene
67,ADRB2,gene
68,AGAP2,gene
69,AGRN,gene
70,AGTR1,gene
71,AHR,gene
72,AIFM2,gene
73,AIM2,gene
74,AIP,gene
75,AIPL1,gene
76,AJUBA,gene
77,AKT1,gene
78,AKT1S1,gene
79,AKT2,gene
80,ALDOA,gene
81,ALDOC,gene
82,ALG10B,gene
83,ALG12,gene
84,ALG3,gene
85,ALG6,gene
86,ALG8,gene
87,ALG9,gene
88,ALK,gene
89,ALYREF,gene
90,AMBRA1,gene
91,AMH,gene
92,AMOTL1,gene
93,AMOTL2,gene
94,ANAPC1,gene
95,ANAPC10,gene
96,ANAPC11,gene
97,ANAPC13,gene
98,ANAPC2,gene
99,ANAPC4,gene
100,ANAPC5,gene
101,ANGPTL4,gene
102,ANK1,gene
103,ANK3,gene
104,AOX1,gene
105,AP1B1,gene
106,AP1G1,gene
107,AP1G2,gene
108,AP1M1,gene
109,AP1M2,gene
110,AP1S1,gene
111,AP1S3,gene
112,AP2A2,gene
113,AP2B1,gene
114,AP2M1,gene
115,AP2S1,gene
116,APAF1,gene
117,APBB1,gene
118,APBB1IP,gene
119,APC,gene
120,APC2,gene
121,APH1B,gene
122,APOA1,gene
123,APOB,gene
124,APOBEC3B,gene
125,APOBEC3C,gene
126,APOBEC3D,gene
127,APOC1,gene
128,APOE,gene
129,APP,gene
130,APPL1,gene
131,AQP1,gene
132,AQP2,gene
133,AQP7,gene
134,ARAP3,gene
135,ARC,gene
136,ARF1,gene
137,ARF6,gene
138,ARHGAP10,gene
139,ARHGAP17,gene
140,ARHGAP5,gene
141,ARHGDIA,gene
142,ARHGDIB,gene
143,ARHGDIG,gene
144,ARHGEF1,gene
145,ARHGEF11,gene
146,ARHGEF12,gene
147,ARHGEF18,gene
148,ARHGEF2,gene
149,ARHGEF25,gene
150,ARHGEF26,gene
151,ARHGEF4,gene
152,ARHGEF7,gene
153,ARID1A,gene
154,ARID1B,gene
155,ARID2,gene
156,ARNT,gene
157,ARNT2,gene
158,ARNTL,gene
159,ARPC1A,gene
160,ARPC1B,gene
161,ARPC2,gene
162,ARPC3,gene
163,ARPC4,gene
164,ARPC5,gene
165,ARPC5L,gene
166,ARRB1,gene
167,ARRB2,gene
168,ASAP1,gene
169,ASAP2,gene
170,ASAP3,gene
171,ASH2L,gene
172,ASS1,gene
173,ATF1,gene
174,ATF2,gene
175,ATF4,gene
176,ATF6,gene
177,ATF6B,gene
178,ATG10,gene
179,ATG12,gene
180,ATG13,gene
181,ATG14,gene
182,ATG16L1,gene
183,ATG16L2,gene
184,ATG2A,gene
185,ATG2B,gene
186,ATG3,gene
187,ATG4B,gene
188,ATG4C,gene
189,ATG4D,gene
190,ATG5,gene
191,ATG7,gene
192,ATG9A,gene
193,ATM,gene
194,ATP1A1,gene
195,ATP1A3,gene
196,ATP1B1,gene
197,ATP1B2,gene
198,ATP1B3,gene
199,ATP2A1,gene
200,ATP2A2,gene
201,ATP2A3,gene
202,ATP2B1,gene
203,ATP2B2,gene
204,ATP2B4,gene
205,ATP6V0A1,gene
206,ATP6V0A2,gene
207,ATP6V0A4,gene
208,ATP6V0B,gene
209,ATP6V0C,gene
210,ATP6V0D1,gene
211,ATP6V0E1,gene
212,ATP6V1A,gene
213,ATP6V1B2,gene
214,ATP6V1C1,gene
215,ATP6V1C2,gene
216,ATP6V1D,gene
217,ATP6V1E1,gene
218,ATP6V1E2,gene
219,ATP6V1F,gene
220,ATP6V1G1,gene
221,ATP6V1G2,gene
222,ATP6V1H,gene
223,ATR,gene
224,ATRIP,gene
225,ATXN1,gene
226,ATXN1L,gene
227,AURKA,gene
228,AVP,gene
229,AVPR1B,gene
230,AXIN1,gene
231,AXIN2,gene
232,AXL,gene
233,AZI2,gene
234,BABAM1,gene
235,BAD,gene
236,BAIAP2,gene
237,BAMBI,gene
238,BARD1,gene
239,BATF2,gene
240,BATF3,gene
241,BAX,gene
242,BBC3,gene
243,BCAR1,gene
244,BCL10,gene
245,BCL2,gene
246,BCL2L1,gene
247,BCL2L11,gene
248,BCL2L13,gene
249,BCL2L2,gene
250,BCL3,gene
251,BCL6,gene
252,BCR,gene
253,BDKRB2,gene
254,BDNF,gene
255,BECN1,gene
256,BET1,gene
257,BET1L,gene
258,BGLAP,gene
259,BHLHE40,gene
260,BHLHE41,gene
261,BID,gene
262,BIN1,gene
263,BIRC2,gene
264,BIRC5,gene
265,BIRC7,gene
266,BLM,gene
267,BMI1,gene
268,BMP2,gene
269,BMP3,gene
270,BMP4,gene
271,BMP6,gene
272,BMP7,gene
273,BMP8A,gene
274,BMP8B,gene
275,BMPR1A,gene
276,BMPR1B,gene
277,BMPR2,gene
278,BNIP1,gene
279,BNIP3,gene
280,BNIP3L,gene
281,BOC,gene
282,BRAF,gene
283,BRAP,gene
284,BRCA1,gene
285,BRCA2,gene
286,BRIP1,gene
287,BRK1,gene
288,BTC,gene
289,BTG1,gene
290,BTG2,gene
291,BTG3,gene
292,BTG4,gene
293,BUB1,gene
294,BVES,gene
295,C1QB,gene
296,C1QC,gene
297,C1R,gene
298,C2,gene
299,C5,gene
300,C5AR1,gene
301,CAB39,gene
302,CAB39L,gene
303,CACNA1A,gene
304,CACNA1B,gene
305,CACNA1C,gene
306,CACNA1D,gene
307,CACNA1E,gene
308,CACNA1G,gene
309,CACNA1H,gene
310,CACNA2D1,gene
311,CACNA2D2,gene
312,CACNA2D3,gene
313,CACNA2D4,gene
314,CACNB1,gene
315,CACNB2,gene
316,CACNB3,gene
317,CACNB4,gene
318,CACNG1,gene
319,CACNG2,gene
320,CACNG3,gene
321,CACNG4,gene
322,CACNG6,gene
323,CACNG7,gene
324,CACYBP,gene
325,CALB1,gene
326,CALCA,gene
327,CALCB,gene
328,CALCOCO2,gene
329,CALCR,gene
330,CALHM1,gene
331,CALM1,gene
332,CALM2,gene
333,CALM3,gene
334,CALML3,gene
335,CALR,gene
336,CALY,gene
337,CAMK1,gene
338,CAMK1D,gene
339,CAMK2A,gene
340,CAMK2B,gene
341,CAMK2D,gene
342,CAMK2G,gene
343,CAMK4,gene
344,CAMKK1,gene
345,CAMKK2,gene
346,CAMP,gene
347,CAPN1,gene
348,CAPN2,gene
349,CARD10,gene
350,CARD11,gene
351,CARD14,gene
352,CARD9,gene
353,CARM1,gene
354,CASC3,gene
355,CASP2,gene
356,CASP3,gene
357,CASP4,gene
358,CASP6,gene
359,CASP7,gene
360,CASP9,gene
361,CASQ1,gene
362,CASR,gene
363,CAT,gene
364,CAV1,gene
365,CAV2,gene
366,CAV3,gene
367,CBL,gene
368,CBLB,gene
369,CBLC,gene
370,CBR4,gene
371,CCDC6,gene
372,CCK,gene
373,CCKAR,gene
374,CCKBR,gene
375,CCL22,gene
376,CCL24,gene
377,CCL25,gene
378,CCL5,gene
379,CCNA1,gene
380,CCNB1,gene
381,CCNB2,gene
382,CCND1,gene
383,CCND2,gene
384,CCND3,gene
385,CCNE1,gene
386,CCNE2,gene
387,CCNG1,gene
388,CCNH,gene
389,CCR10,gene
390,CCR7,gene
391,CD1A,gene
392,CD274,gene
393,CD38,gene
394,CD3D,gene
395,CD3G,gene
396,CD40,gene
397,CD44,gene
398,CD47,gene
399,CD58,gene
400,CD63,gene
401,CD72,gene
402,CD74,gene
403,CD79B,gene
404,CD82,gene
405,CD8A,gene
406,CD8B,gene
407,CDC14A,gene
408,CDC14B,gene
409,CDC16,gene
410,CDC20,gene
411,CDC23,gene
412,CDC25A,gene
413,CDC25B,gene
414,CDC25C,gene
415,CDC26,gene
416,CDC27,gene
417,CDC37,gene
418,CDC42,gene
419,CDC45,gene
420,CDC6,gene
421,CDC7,gene
422,CDH1,gene
423,CDH5,gene
424,CDK1,gene
425,CDK2,gene
426,CDK4,gene
427,CDK5,gene
428,CDK5R1,gene
429,CDK6,gene
430,CDKN1A,gene
431,CDKN1B,gene
432,CDKN1C,gene
433,CDKN2A,gene
434,CDKN2B,gene
435,CDKN2C,gene
436,CDKN2D,gene
437,CEBPA,gene
438,CEBPB,gene
439,CEBPG,gene
440,CETP,gene
441,CFB,gene
442,CFD,gene
443,CFL1,gene
444,CFL2,gene
445,CFLAR,gene
446,CFTR,gene
447,CGN,gene
448,CGNL1,gene
449,CHAD,gene
450,CHD4,gene
451,CHD8,gene
452,CHEK1,gene
453,CHEK2,gene
454,CHKA,gene
455,CHKB,gene
456,CHMP1A,gene
457,CHMP1B,gene
458,CHMP2A,gene
459,CHMP2B,gene
460,CHMP4B,gene
461,CHMP4C,gene
462,CHMP5,gene
463,CHMP7,gene
464,CHRD,gene
465,CHRM1,gene
466,CHRM3,gene
467,CHRNA3,gene
468,CHRNA4,gene
469,CHRNA7,gene
470,CHRNB2,gene
471,CHUK,gene
472,CIR1,gene
473,CISH,gene
474,CITED2,gene
475,CKS1B,gene
476,CKS2,gene
477,CLCF1,gene
478,CLDN1,gene
479,CLDN10,gene
480,CLDN11,gene
481,CLDN14,gene
482,CLDN15,gene
483,CLDN18,gene
484,CLDN19,gene
485,CLDN23,gene
486,CLDN24,gene
487,CLDN3,gene
488,CLDN4,gene
489,CLDN5,gene
490,CLDN6,gene
491,CLDN7,gene
492,CLDN9,gene
493,CLIP1,gene
494,CLOCK,gene
495,CLP1,gene
496,CLTA,gene
497,CLTB,gene
498,CNGB1,gene
499,CNOT7,gene
500,CNOT8,gene
501,CNR1,gene
502,CNTFR,gene
503,CNTN1,gene
504,CNTN2,gene
505,CNTNAP2,gene
506,COL1A1,gene
507,COL1A2,gene
508,COL2A1,gene
509,COL4A1,gene
510,COL4A2,gene
511,COL4A3,gene
512,COL4A4,gene
513,COL6A2,gene
514,COL6A3,gene
515,COL9A1,gene
516,COL9A2,gene
517,COL9A3,gene
518,COMP,gene
519,CORT,gene
520,CPEB1,gene
521,CPEB2,gene
522,CPEB3,gene
523,CPEB4,gene
524,CPSF1,gene
525,CPSF2,gene
526,CPSF3,gene
527,CPSF4,gene
528,CPSF6,gene
529,CPSF7,gene
530,CPT1A,gene
531,CPT1B,gene
532,CPT1C,gene
533,CPT2,gene
534,CR2,gene
535,CREB1,gene
536,CREB3,gene
537,CREB3L1,gene
538,CREB3L2,gene
539,CREB3L3,gene
540,CREB3L4,gene
541,CREB5,gene
542,CREBBP,gene
543,CREM,gene
544,CRHR1,gene
545,CRHR2,gene
546,CRK,gene
547,CRKL,gene
548,CRTC2,gene
549,CRY1,gene
550,CRY2,gene
551,CRYAB,gene
552,CSF1R,gene
553,CSF3,gene
554,CSK,gene
555,CSNK1A1,gene
556,CSNK1D,gene
557,CSNK1E,gene
558,CSNK1G1,gene
559,CSNK1G2,gene
560,CSNK1G3,gene
561,CSNK2A2,gene
562,CSNK2B,gene
563,CSTF1,gene
564,CSTF2T,gene
565,CSTF3,gene
566,CTBP1,gene
567,CTBP2,gene
568,CTF1,gene
569,CTNNA1,gene
570,CTNNA2,gene
571,CTNNB1,gene
572,CTNNBIP1,gene
573,CTNND2,gene
574,CTSB,gene
575,CTSC,gene
576,CTSD,gene
577,CTSH,gene
578,CTSO,gene
579,CTSZ,gene
580,CTTN,gene
581,CTU1,gene
582,CTU2,gene
583,CUL1,gene
584,CUL2,gene
585,CUL3,gene
586,CUL4A,gene
587,CX3CL1,gene
588,CX3CR1,gene
589,CXCL1,gene
590,CXCL12,gene
591,CXCL14,gene
592,CXCL16,gene
593,CXCL2,gene
594,CXCL3,gene
595,CXCR4,gene
596,CXCR5,gene
597,CXXC4,gene
598,CYBA,gene
599,CYCS,gene
600,CYFIP1,gene
601,CYFIP2,gene
602,CYLD,gene
603,CYP17A1,gene
604,CYP24A1,gene
605,CYP27A1,gene
606,CYTH1,gene
607,CYTH2,gene
608,CYTH3,gene
609,DAAM1,gene
610,DAAM2,gene
611,DAB2IP,gene
612,DAD1,gene
613,DAG1,gene
614,DAPK1,gene
615,DAPK2,gene
616,DAPK3,gene
617,DAXX,gene
618,DAZAP1,gene
619,DBF4,gene
620,DBI,gene
621,DCC,gene
622,DCHS2,gene
623,DCT,gene
624,DDB1,gene
625,DDB2,gene
626,DDIT3,gene
627,DDIT4,gene
628,DDOST,gene
629,DDX20,gene
630,DDX5,gene
631,DDX58,gene
632,DEPDC5,gene
633,DERL1,gene
634,DFFA,gene
635,DHH,gene
636,DHX33,gene
637,DHX58,gene
638,DIABLO,gene
639,DIAPH1,gene
640,DIAPH3,gene
641,DICER1,gene
642,DKK1,gene
643,DKK2,gene
644,DLG1,gene
645,DLG2,gene
646,DLG4,gene
647,DLGAP1,gene
648,DLL1,gene
649,DLL3,gene
650,DLL4,gene
651,DNAJB1,gene
652,DNAJC3,gene
653,DNM1,gene
654,DNM1L,gene
655,DNM3,gene
656,DNMT1,gene
657,DOCK1,gene
658,DOCK2,gene
659,DOCK4,gene
660,DPF1,gene
661,DPF3,gene
662,DPM1,gene
663,DPM2,gene
664,DPM3,gene
665,DPYSL2,gene
666,DPYSL5,gene
667,DRD1,gene
668,DRD2,gene
669,DRD4,gene
670,DRD5,gene
671,DROSHA,gene
672,DSC2,gene
673,DSG2,gene
674,DTX1,gene
675,DTX3,gene
676,DTX3L,gene
677,DTX4,gene
678,DUSP1,gene
679,DUSP10,gene
680,DUSP16,gene
681,DUSP2,gene
682,DUSP3,gene
683,DUSP4,gene
684,DUSP5,gene
685,DUSP6,gene
686,DUSP7,gene
687,DUSP8,gene
688,DVL1,gene
689,DVL3,gene
690,DYNC1H1,gene
691,DYNC1I1,gene
692,DYNC1I2,gene
693,DYNC1LI1,gene
694,DYNC1LI2,gene
695,E2F1,gene
696,E2F2,gene
697,E2F3,gene
698,E2F4,gene
699,E2F5,gene
700,EBAG9,gene
701,ECSIT,gene
702,EDARADD,gene
703,EDN1,gene
704,EDN2,gene
705,EDN3,gene
706,EDNRB,gene
707,EEA1,gene
708,EEF1A1,gene
709,EEF1A2,gene
710,EEF2,gene
711,EEF2K,gene
712,EFNA1,gene
713,EFNA2,gene
714,EFNA3,gene
715,EFNA4,gene
716,EFNA5,gene
717,EFNB2,gene
718,EFNB3,gene
719,EGFR,gene
720,EGLN2,gene
721,EGLN3,gene
722,EGR1,gene
723,EGR2,gene
724,EGR3,gene
725,EHD1,gene
726,EHD2,gene
727,EHHADH,gene
728,EHMT1,gene
729,EHMT2,gene
730,EI24,gene
731,EIF1B,gene
732,EIF2AK1,gene
733,EIF2AK2,gene
734,EIF2AK3,gene
735,EIF2AK4,gene
736,EIF2B1,gene
737,EIF2B2,gene
738,EIF2B3,gene
739,EIF2B4,gene
740,EIF2B5,gene
741,EIF2S1,gene
742,EIF2S2,gene
743,EIF3A,gene
744,EIF3B,gene
745,EIF3D,gene
746,EIF3F,gene
747,EIF3H,gene
748,EIF3J,gene
749,EIF4A1,gene
750,EIF4A2,gene
751,EIF4A3,gene
752,EIF4B,gene
753,EIF4E,gene
754,EIF4E1B,gene
755,EIF4E2,gene
756,EIF4EBP1,gene
757,EIF4EBP2,gene
758,EIF4G1,gene
759,EIF4G2,gene
760,EIF4G3,gene
761,EIF5,gene
762,ELAVL1,gene
763,ELF5,gene
764,ELMO1,gene
765,ELMO2,gene
766,ELMO3,gene
767,ENAH,gene
768,ENO1,gene
769,ENO2,gene
770,ENO3,gene
771,ENO4,gene
772,ENTPD3,gene
773,ENTPD8,gene
774,EP300,gene
775,EPAS1,gene
776,EPB41L4B,gene
777,EPHA1,gene
778,EPHA2,gene
779,EPHA4,gene
780,EPHA5,gene
781,EPHA6,gene
782,EPHA7,gene
783,EPHA8,gene
784,EPHB1,gene
785,EPHB2,gene
786,EPHB3,gene
787,EPHB4,gene
788,EPHB6,gene
789,EPN1,gene
790,EPN3,gene
791,EPO,gene
792,EPOR,gene
793,EPS15,gene
794,EPS15L1,gene
795,ERBB2,gene
796,ERBB3,gene
797,ERBB4,gene
798,EREG,gene
799,ERN1,gene
800,ESPL1,gene
801,ESR1,gene
802,ESR2,gene
803,ETF1,gene
804,ETS1,gene
805,ETS2,gene
806,EVC,gene
807,EVC2,gene
808,EVL,gene
809,EXOC2,gene
810,EXOC7,gene
811,EZR,gene
812,F10,gene
813,F11R,gene
814,F2R,gene
815,F2RL1,gene
816,F3,gene
817,F5,gene
818,F7,gene
819,FABP3,gene
820,FADD,gene
821,FADS2,gene
822,FAF1,gene
823,FAN1,gene
824,FANCA,gene
825,FANCC,gene
826,FANCD2,gene
827,FANCE,gene
828,FANCF,gene
829,FANCG,gene
830,FANCI,gene
831,FANCL,gene
832,FANCM,gene
833,FARP2,gene
834,FAS,gene
835,FASN,gene
836,FAT4,gene
837,FBP1,gene
838,FBXL3,gene
839,FBXO25,gene
840,FBXO32,gene
841,FBXO43,gene
842,FBXO5,gene
843,FBXW11,gene
844,FCER2,gene
845,FCGR2A,gene
846,FDPS,gene
847,FER,gene
848,FERMT3,gene
849,FES,gene
850,FFAR1,gene
851,FFAR2,gene
852,FGD3,gene
853,FGF1,gene
854,FGF10,gene
855,FGF17,gene
856,FGF18,gene
857,FGF19,gene
858,FGF2,gene
859,FGF20,gene
860,FGF22,gene
861,FGF3,gene
862,FGF4,gene
863,FGF5,gene
864,FGF6,gene
865,FGF8,gene
866,FGF9,gene
867,FGFR1,gene
868,FGFR2,gene
869,FGFR3,gene
870,FGFR4,gene
871,FGR,gene
872,FHL2,gene
873,FIP1L1,gene
874,FIS1,gene
875,FLCN,gene
876,FLNB,gene
877,FLNC,gene
878,FLOT1,gene
879,FLOT2,gene
880,FLT1,gene
881,FLT3,gene
882,FLT3LG,gene
883,FLT4,gene
884,FN1,gene
885,FNIP1,gene
886,FNIP2,gene
887,FOS,gene
888,FOSB,gene
889,FOSL1,gene
890,FOSL2,gene
891,FOXA2,gene
892,FOXM1,gene
893,FOXO1,gene
894,FOXO3,gene
895,FOXP1,gene
896,FRAS1,gene
897,FRAT1,gene
898,FRAT2,gene
899,FREM1,gene
900,FRMD1,gene
901,FRMD6,gene
902,FRS2,gene
903,FST,gene
904,FTH1,gene
905,FTL,gene
906,FXR1,gene
907,FXR2,gene
908,FXYD1,gene
909,FXYD2,gene
910,FXYD4,gene
911,FYN,gene
912,FZD1,gene
913,FZD10,gene
914,FZD2,gene
915,FZD3,gene
916,FZD4,gene
917,FZD5,gene
918,FZD6,gene
919,FZD7,gene
920,FZD8,gene
921,FZD9,gene
922,FZR1,gene
923,G6PC3,gene
924,GAB1,gene
925,GAB2,gene
926,GABARAP,gene
927,GABBR1,gene
928,GABBR2,gene
929,GABRA1,gene
930,GABRA2,gene
931,GABRA4,gene
932,GABRA5,gene
933,GABRB1,gene
934,GABRB2,gene
935,GABRB3,gene
936,GABRD,gene
937,GABRG3,gene
938,GABRP,gene
939,GADD45A,gene
940,GADD45B,gene
941,GADD45G,gene
942,GAL,gene
943,GALR1,gene
944,GALR2,gene
945,GALR3,gene
946,GAPDH,gene
947,GAS1,gene
948,GAS6,gene
949,GATA3,gene
950,GATA4,gene
951,GCGR,gene
952,GCK,gene
953,GDF1,gene
954,GDF10,gene
955,GDF11,gene
956,GDF5,gene
957,GDF6,gene
958,GDF7,gene
959,GDF9,gene
960,GEMIN2,gene
961,GEMIN4,gene
962,GEMIN5,gene
963,GEMIN7,gene
964,GFAP,gene
965,GH1,gene
966,GHR,gene
967,GHRL,gene
968,GHSR,gene
969,GIT1,gene
970,GIT2,gene
971,GJD2,gene
972,GLI1,gene
973,GLI2,gene
974,GLI3,gene
975,GLP1R,gene
976,GLS,gene
977,GLS2,gene
978,GNA11,gene
979,GNA12,gene
980,GNA13,gene
981,GNA14,gene
982,GNA15,gene
983,GNAI1,gene
984,GNAI2,gene
985,GNAI3,gene
986,GNAL,gene
987,GNAO1,gene
988,GNAQ,gene
989,GNAS,gene
990,GNAT1,gene
991,GNAZ,gene
992,GNB1,gene
993,GNB2,gene
994,GNB3,gene
995,GNB4,gene
996,GNB5,gene
997,GNG10,gene
998,GNG11,gene
999,GNG13,gene
1000,GNG4,gene
1001,GNG5,gene
1002,GNG7,gene
1003,GNG8,gene
1004,GNGT2,gene
1005,GOSR2,gene
1006,GP1BA,gene
1007,GP1BB,gene
1008,GP9,gene
1009,GPAA1,gene
1010,GPC1,gene
1011,GPR161,gene
1012,GPR83,gene
1013,GPSM1,gene
1014,GRB10,gene
1015,GRB2,gene
1016,GREM1,gene
1017,GRIA1,gene
1018,GRIA2,gene
1019,GRIA4,gene
1020,GRIN1,gene
1021,GRIN2A,gene
1022,GRIN2B,gene
1023,GRIN2C,gene
1024,GRIN2D,gene
1025,GRIN3A,gene
1026,GRIN3B,gene
1027,GRK1,gene
1028,GRK4,gene
1029,GRK5,gene
1030,GRK6,gene
1031,GRK7,gene
1032,GRM1,gene
1033,GRM2,gene
1034,GRM3,gene
1035,GRM4,gene
1036,GRM8,gene
1037,GRP,gene
1038,GSDMD,gene
1039,GSK3A,gene
1040,GSK3B,gene
1041,GSN,gene
1042,GSPT1,gene
1043,GSTA4,gene
1044,GSTM1,gene
1045,GSTM4,gene
1046,GSTM5,gene
1047,GSTO1,gene
1048,GSTO2,gene
1049,GSTP1,gene
1050,GTF2I,gene
1051,GTF2IRD1,gene
1052,GTSE1,gene
1053,GUCY2D,gene
1054,GYS1,gene
1055,HAP1,gene
1056,HBEGF,gene
1057,HBS1L,gene
1058,HCAR1,gene
1059,HCK,gene
1060,HCRT,gene
1061,HCRTR1,gene
1062,HDAC1,gene
1063,HDAC2,gene
1064,HDAC3,gene
1065,HDAC4,gene
1066,HDAC5,gene
1067,HES1,gene
1068,HES2,gene
1069,HES4,gene
1070,HES5,gene
1071,HES6,gene
1072,HES7,gene
1073,HEY1,gene
1074,HEY2,gene
1075,HEYL,gene
1076,HGS,gene
1077,HHEX,gene
1078,HHIP,gene
1079,HIF1A,gene
1080,HIP1,gene
1081,HIPK1,gene
1082,HIPK2,gene
1083,HIPK3,gene
1084,HK1,gene
1085,HKDC1,gene
1086,HLA-B,gene
1087,HLA-C,gene
1088,HLA-DPA1,gene
1089,HLA-E,gene
1090,HLA-F,gene
1091,HMGA2,gene
1092,HMGB1,gene
1093,HMGCR,gene
1094,HMGCS1,gene
1095,HMOX1,gene
1096,HNF1B,gene
1097,HNF4A,gene
1098,HOMER1,gene
1099,HOMER2,gene
1100,HOMER3,gene
1101,HOXD10,gene
1102,HPSE,gene
1103,HPSE2,gene
1104,HRAS,gene
1105,HRH1,gene
1106,HRH2,gene
1107,HRK,gene
1108,HSD17B8,gene
1109,HSF1,gene
1110,HSP90AA1,gene
1111,HSP90AB1,gene
1112,HSP90B1,gene
1113,HSPA1A,gene
1114,HSPA1B,gene
1115,HSPA1L,gene
1116,HSPA2,gene
1117,HSPA4,gene
1118,HSPA5,gene
1119,HSPA6,gene
1120,HSPA8,gene
1121,HSPA9,gene
1122,HSPG2,gene
1123,HTR1A,gene
1124,HTR1B,gene
1125,HTR1E,gene
1126,HTR1F,gene
1127,HTR2A,gene
1128,HTR5A,gene
1129,HTR6,gene
1130,HTR7,gene
1131,HTRA2,gene
1132,HTT,gene
1133,HUS1,gene
1134,ICAM1,gene
1135,ICAM2,gene
1136,ID1,gene
1137,ID2,gene
1138,ID4,gene
1139,IFIH1,gene
1140,IFNAR1,gene
1141,IFNAR2,gene
1142,IFNGR1,gene
1143,IFNGR2,gene
1144,IGF1R,gene
1145,IGF2,gene
1146,IGF2BP1,gene
1147,IGFALS,gene
1148,IGFBP3,gene
1149,IHH,gene
1150,IKBKB,gene
1151,IL10RA,gene
1152,IL10RB,gene
1153,IL11,gene
1154,IL11RA,gene
1155,IL12A,gene
1156,IL12B,gene
1157,IL12RB1,gene
1158,IL13,gene
1159,IL15,gene
1160,IL15RA,gene
1161,IL17B,gene
1162,IL17D,gene
1163,IL17RA,gene
1164,IL17RB,gene
1165,IL17RC,gene
1166,IL18R1,gene
1167,IL1R1,gene
1168,IL1RAP,gene
1169,IL1RL2,gene
1170,IL1RN,gene
1171,IL20RA,gene
1172,IL20RB,gene
1173,IL22RA1,gene
1174,IL27,gene
1175,IL27RA,gene
1176,IL2RB,gene
1177,IL3,gene
1178,IL31,gene
1179,IL33,gene
1180,IL4R,gene
1181,IL6R,gene
1182,IL6ST,gene
1183,ILK,gene
1184,INHA,gene
1185,INHBB,gene
1186,INS,gene
1187,INSR,gene
1188,INSRR,gene
1189,INVS,gene
1190,IQGAP1,gene
1191,IQGAP2,gene
1192,IQGAP3,gene
1193,IRAK2,gene
1194,IRAK3,gene
1195,IRAK4,gene
1196,IRF1,gene
1197,IRF3,gene
1198,IRF4,gene
1199,IRF5,gene
1200,IRF7,gene
1201,IRF8,gene
1202,IRGM,gene
1203,IRS1,gene
1204,IRS2,gene
1205,ITCH,gene
1206,ITGA1,gene
1207,ITGA11,gene
1208,ITGA2,gene
1209,ITGA3,gene
1210,ITGA4,gene
1211,ITGA5,gene
1212,ITGA6,gene
1213,ITGA7,gene
1214,ITGA9,gene
1215,ITGAV,gene
1216,ITGAX,gene
1217,ITGB1,gene
1218,ITGB2,gene
1219,ITGB3,gene
1220,ITGB4,gene
1221,ITGB5,gene
1222,ITGB8,gene
1223,ITPR1,gene
1224,ITPR2,gene
1225,ITPR3,gene
1226,JAG1,gene
1227,JAG2,gene
1228,JAK1,gene
1229,JAK2,gene
1230,JAK3,gene
1231,JAM3,gene
1232,JMJD7-PLA2G4B,gene
1233,JUN,gene
1234,JUNB,gene
1235,JUND,gene
1236,JUP,gene
1237,KAT2A,gene
1238,KCNE1,gene
1239,KCNJ1,gene
1240,KCNJ11,gene
1241,KCNJ12,gene
1242,KCNJ2,gene
1243,KCNJ3,gene
1244,KCNJ4,gene
1245,KCNJ5,gene
1246,KCNJ6,gene
1247,KCNK2,gene
1248,KCNK3,gene
1249,KCNK9,gene
1250,KCNMA1,gene
1251,KCNMB3,gene
1252,KCNMB4,gene
1253,KCNN1,gene
1254,KCNN2,gene
1255,KCNN3,gene
1256,KCNQ1,gene
1257,KDM1A,gene
1258,KDM3A,gene
1259,KDM3B,gene
1260,KDR,gene
1261,KEAP1,gene
1262,KIDINS220,gene
1263,KIF3A,gene
1264,KIF5B,gene
1265,KIF5C,gene
1266,KIF7,gene
1267,KISS1,gene
1268,KISS1R,gene
1269,KIT,gene
1270,KITLG,gene
1271,KL,gene
1272,KLC1,gene
1273,KLC2,gene
1274,KLC3,gene
1275,KLC4,gene
1276,KLF2,gene
1277,KLF4,gene
1278,KLRD1,gene
1279,KPNB1,gene
1280,KRAS,gene
1281,KRIT1,gene
1282,KRT15,gene
1283,KRT16,gene
1284,KRT18,gene
1285,KRT19,gene
1286,KRT24,gene
1287,KRT32,gene
1288,KRT9,gene
1289,KSR1,gene
1290,KSR2,gene
1291,LAMA1,gene
1292,LAMA2,gene
1293,LAMA3,gene
1294,LAMA4,gene
1295,LAMA5,gene
1296,LAMB1,gene
1297,LAMB2,gene
1298,LAMB3,gene
1299,LAMC1,gene
1300,LAMC2,gene
1301,LAMC3,gene
1302,LAMP1,gene
1303,LAMTOR2,gene
1304,LAT,gene
1305,LATS1,gene
1306,LATS2,gene
1307,LCAT,gene
1308,LCK,gene
1309,LDHA,gene
1310,LDHAL6A,gene
1311,LDHB,gene
1312,LDHC,gene
1313,LDLR,gene
1314,LEF1,gene
1315,LEP,gene
1316,LEPR,gene
1317,LFNG,gene
1318,LGR4,gene
1319,LGR5,gene
1320,LGR6,gene
1321,LHB,gene
1322,LHCGR,gene
1323,LIF,gene
1324,LIFR,gene
1325,LILRA4,gene
1326,LILRA6,gene
1327,LILRB4,gene
1328,LIMD1,gene
1329,LIMK1,gene
1330,LIMK2,gene
1331,LIN37,gene
1332,LIN52,gene
1333,LIN54,gene
1334,LIN9,gene
1335,LLGL1,gene
1336,LLGL2,gene
1337,LMNA,gene
1338,LMNB1,gene
1339,LMNB2,gene
1340,LMO7,gene
1341,LPAR1,gene
1342,LPAR2,gene
1343,LPAR3,gene
1344,LPAR5,gene
1345,LPIN1,gene
1346,LRP1,gene
1347,LRP2,gene
1348,LRP5,gene
1349,LRP6,gene
1350,LRPAP1,gene
1351,LRRC4,gene
1352,LRRC4B,gene
1353,LRRC4C,gene
1354,LSP1,gene
1355,LTA,gene
1356,LTB4R2,gene
1357,LTBP1,gene
1358,LTBR,gene
1359,LYL1,gene
1360,LYN,gene
1361,MAD1L1,gene
1362,MAD2L1,gene
1363,MAD2L2,gene
1364,MADCAM1,gene
1365,MAF,gene
1366,MAFA,gene
1367,MAGI1,gene
1368,MAGI2,gene
1369,MAGI3,gene
1370,MAGOH,gene
1371,MAGOHB,gene
1372,MALT1,gene
1373,MAML1,gene
1374,MAML2,gene
1375,MAN1A1,gene
1376,MAN1A2,gene
1377,MAN1B1,gene
1378,MAN1C1,gene
1379,MAN2A1,gene
1380,MAN2A2,gene
1381,MAP2K1,gene
1382,MAP2K2,gene
1383,MAP2K3,gene
1384,MAP2K4,gene
1385,MAP2K5,gene
1386,MAP2K6,gene
1387,MAP2K7,gene
1388,MAP3K1,gene
1389,MAP3K11,gene
1390,MAP3K12,gene
1391,MAP3K13,gene
1392,MAP3K14,gene
1393,MAP3K3,gene
1394,MAP3K4,gene
1395,MAP3K5,gene
1396,MAP3K6,gene
1397,MAP3K7,gene
1398,MAP3K8,gene
1399,MAP4K2,gene
1400,MAP4K3,gene
1401,MAP4K4,gene
1402,MAPK1,gene
1403,MAPK11,gene
1404,MAPK12,gene
1405,MAPK13,gene
1406,MAPK14,gene
1407,MAPK3,gene
1408,MAPK7,gene
1409,MAPK8,gene
1410,MAPK8IP1,gene
1411,MAPK8IP2,gene
1412,MAPK8IP3,gene
1413,MAPK9,gene
1414,MAPKAP1,gene
1415,MAPKAPK2,gene
1416,MAPKAPK3,gene
1417,MAPKAPK5,gene
1418,MAPT,gene
1419,MARCKSL1,gene
1420,MARVELD2,gene
1421,MARVELD3,gene
1422,MASP1,gene
1423,MATK,gene
1424,MAVS,gene
1425,MAX,gene
1426,MC2R,gene
1427,MCM2,gene
1428,MCM3,gene
1429,MCM4,gene
1430,MCM5,gene
1431,MCM6,gene
1432,MCM7,gene
1433,MDM2,gene
1434,MDM4,gene
1435,ME1,gene
1436,MECOM,gene
1437,MED1,gene
1438,MED12L,gene
1439,MED13,gene
1440,MED13L,gene
1441,MED16,gene
1442,MED24,gene
1443,MED30,gene
1444,MED4,gene
1445,MEF2A,gene
1446,MEF2B,gene
1447,MEF2C,gene
1448,MEF2D,gene
1449,MEGF8,gene
1450,MEN1,gene
1451,MET,gene
1452,MFN1,gene
1453,MFN2,gene
1454,MFNG,gene
1455,MGAT1,gene
1456,MGAT2,gene
1457,MGRN1,gene
1458,MGST3,gene
1459,MICALL2,gene
1460,MIR1-1,gene
1461,MIR106B,gene
1462,MIR107,gene
1463,MIR10A,gene
1464,MIR10B,gene
1465,MIR124-2,gene
1466,MIR124-3,gene
1467,MIR125A,gene
1468,MIR126,gene
1469,MIR128-2,gene
1470,MIR129-2,gene
1471,MIR133A2,gene
1472,MIR135A1,gene
1473,MIR145,gene
1474,MIR152,gene
1475,MIR181C,gene
1476,MIR181D,gene
1477,MIR183,gene
1478,MIR193B,gene
1479,MIR199A1,gene
1480,MIR200A,gene
1481,MIR200B,gene
1482,MIR200C,gene
1483,MIR205,gene
1484,MIR210,gene
1485,MIR23A,gene
1486,MIR26A2,gene
1487,MIR326,gene
1488,MIR330,gene
1489,MIR345,gene
1490,MIR34A,gene
1491,MIR34B,gene
1492,MIR373,gene
1493,MIR520H,gene
1494,MIR602,gene
1495,MIR7-3,gene
1496,MIR9-1,gene
1497,MIR9-2,gene
1498,MIRLET7E,gene
1499,MIRLET7G,gene
1500,MIRLET7I,gene
1501,MITF,gene
1502,MKNK1,gene
1503,MKNK2,gene
1504,MLH1,gene
1505,MLST8,gene
1506,MLX,gene
1507,MLXIP,gene
1508,MLXIPL,gene
1509,MLYCD,gene
1510,MMP15,gene
1511,MMP16,gene
1512,MMP17,gene
1513,MMP2,gene
1514,MMP24,gene
1515,MMP25,gene
1516,MNX1,gene
1517,MOB1A,gene
1518,MOB1B,gene
1519,MOCS2,gene
1520,MOCS3,gene
1521,MOS,gene
1522,MPDZ,gene
1523,MPP5,gene
1524,MPST,gene
1525,MRAS,gene
1526,MRC2,gene
1527,MRVI1,gene
1528,MSI1,gene
1529,MSI2,gene
1530,MTNR1A,gene
1531,MTOR,gene
1532,MX1,gene
1533,MYB,gene
1534,MYBL2,gene
1535,MYC,gene
1536,MYD88,gene
1537,MYH10,gene
1538,MYH11,gene
1539,MYH14,gene
1540,MYH3,gene
1541,MYH7B,gene
1542,MYH9,gene
1543,MYL12A,gene
1544,MYL12B,gene
1545,MYL2,gene
1546,MYL5,gene
1547,MYL6,gene
1548,MYL6B,gene
1549,MYL9,gene
1550,MYLIP,gene
1551,MYLK,gene
1552,MYLK3,gene
1553,MYLPF,gene
1554,MYO10,gene
1555,MYO1B,gene
1556,MYO1C,gene
1557,MYO1D,gene
1558,MYO1E,gene
1559,MYO1F,gene
1560,MYO5A,gene
1561,MYO5B,gene
1562,MYO5C,gene
1563,MYO6,gene
1564,NACA,gene
1565,NAE1,gene
1566,NBL1,gene
1567,NBR1,gene
1568,NCALD,gene
1569,NCAM1,gene
1570,NCAM2,gene
1571,NCBP1,gene
1572,NCBP2,gene
1573,NCK1,gene
1574,NCK2,gene
1575,NCKAP1,gene
1576,NCOA1,gene
1577,NCOA2,gene
1578,NCOA3,gene
1579,NCOA4,gene
1580,NCOR1,gene
1581,NCOR2,gene
1582,NCSTN,gene
1583,NDUFA10,gene
1584,NDUFA11,gene
1585,NDUFA12,gene
1586,NDUFA13,gene
1587,NDUFA2,gene
1588,NDUFA3,gene
1589,NDUFA4,gene
1590,NDUFA4L2,gene
1591,NDUFA6,gene
1592,NDUFA7,gene
1593,NDUFA8,gene
1594,NDUFA9,gene
1595,NDUFAB1,gene
1596,NDUFB1,gene
1597,NDUFB10,gene
1598,NDUFB2,gene
1599,NDUFB3,gene
1600,NDUFB5,gene
1601,NDUFB6,gene
1602,NDUFB7,gene
1603,NDUFB9,gene
1604,NDUFC1,gene
1605,NDUFS1,gene
1606,NDUFS2,gene
1607,NDUFS3,gene
1608,NDUFS5,gene
1609,NDUFS6,gene
1610,NDUFS7,gene
1611,NDUFS8,gene
1612,NDUFV1,gene
1613,NDUFV2,gene
1614,NDUFV3,gene
1615,NEDD4,gene
1616,NEDD4L,gene
1617,NEFH,gene
1618,NEFM,gene
1619,NEO1,gene
1620,NEUROD1,gene
1621,NEUROG3,gene
1622,NF1,gene
1623,NF2,gene
1624,NFASC,gene
1625,NFATC1,gene
1626,NFATC2,gene
1627,NFATC3,gene
1628,NFATC4,gene
1629,NFE2L2,gene
1630,NFKB1,gene
1631,NFKB2,gene
1632,NFKBIA,gene
1633,NFKBIB,gene
1634,NFKBIZ,gene
1635,NFS1,gene
1636,NFYA,gene
1637,NFYB,gene
1638,NGEF,gene
1639,NGF,gene
1640,NGFR,gene
1641,NKD1,gene
1642,NKD2,gene
1643,NKX2-2,gene
1644,NKX6-1,gene
1645,NLGN1,gene
1646,NLK,gene
1647,NLRC4,gene
1648,NLRP6,gene
1649,NLRX1,gene
1650,NMB,gene
1651,NMBR,gene
1652,NMU,gene
1653,NMUR1,gene
1654,NOD1,gene
1655,NOD2,gene
1656,NODAL,gene
1657,NOG,gene
1658,NOS1,gene
1659,NOS1AP,gene
1660,NOS3,gene
1661,NOTCH1,gene
1662,NOTCH3,gene
1663,NOTUM,gene
1664,NOX4,gene
1665,NPAS2,gene
1666,NPB,gene
1667,NPBWR1,gene
1668,NPBWR2,gene
1669,NPC1,gene
1670,NPLOC4,gene
1671,NPNT,gene
1672,NPPB,gene
1673,NPPC,gene
1674,NPR1,gene
1675,NPR2,gene
1676,NPRL2,gene
1677,NPRL3,gene
1678,NPY,gene
1679,NPY1R,gene
1680,NPY2R,gene
1681,NPY5R,gene
1682,NQO1,gene
1683,NR1D1,gene
1684,NR1H2,gene
1685,NR1H3,gene
1686,NR3C2,gene
1687,NR4A1,gene
1688,NR4A2,gene
1689,NR5A1,gene
1690,NR5A2,gene
1691,NRCAM,gene
1692,NRF1,gene
1693,NRG1,gene
1694,NRG2,gene
1695,NRG3,gene
1696,NRP1,gene
1697,NRXN1,gene
1698,NRXN2,gene
1699,NRXN3,gene
1700,NSMAF,gene
1701,NTF3,gene
1702,NTF4,gene
1703,NTN1,gene
1704,NTNG1,gene
1705,NTNG2,gene
1706,NTRK1,gene
1707,NTRK2,gene
1708,NTRK3,gene
1709,NTSR1,gene
1710,NUDT16L1,gene
1711,NUDT21,gene
1712,NUMB,gene
1713,NUMBL,gene
1714,NUP107,gene
1715,NUP133,gene
1716,NUP155,gene
1717,NUP188,gene
1718,NUP214,gene
1719,NUP35,gene
1720,NUP54,gene
1721,NUP62,gene
1722,NUP88,gene
1723,NUP93,gene
1724,NUP98,gene
1725,NXF1,gene
1726,NXT1,gene
1727,OAS2,gene
1728,OAS3,gene
1729,OASL,gene
1730,OCLN,gene
1731,ONECUT1,gene
1732,OPRD1,gene
1733,OPRK1,gene
1734,OPRL1,gene
1735,OPTN,gene
1736,OR10G7,gene
1737,OR2L13,gene
1738,OR2V2,gene
1739,OR2Z1,gene
1740,OR3A3,gene
1741,OR4D5,gene
1742,OR51F1,gene
1743,OR5I1,gene
1744,OR6B2,gene
1745,OR6B3,gene
1746,OR6K6,gene
1747,OR8B8,gene
1748,ORAI1,gene
1749,ORAI2,gene
1750,ORAI3,gene
1751,ORC1,gene
1752,ORC2,gene
1753,ORC3,gene
1754,ORC4,gene
1755,ORC5,gene
1756,ORC6,gene
1757,OSBPL5,gene
1758,OSCAR,gene
1759,OSM,gene
1760,OSMR,gene
1761,OXT,gene
1762,OXTR,gene
1763,P2RY1,gene
1764,P2RY2,gene
1765,PABPC1,gene
1766,PABPC1L,gene
1767,PABPC3,gene
1768,PABPC4,gene
1769,PAIP1,gene
1770,PAK1,gene
1771,PAK2,gene
1772,PAK4,gene
1773,PAK6,gene
1774,PALB2,gene
1775,PAN2,gene
1776,PAN3,gene
1777,PARD3,gene
1778,PARD6A,gene
1779,PARD6B,gene
1780,PARD6G,gene
1781,PARP1,gene
1782,PARP2,gene
1783,PARP3,gene
1784,PARP4,gene
1785,PARVA,gene
1786,PARVB,gene
1787,PARVG,gene
1788,PAX6,gene
1789,PBRM1,gene
1790,PBX1,gene
1791,PCF11,gene
1792,PCK2,gene
1793,PCLO,gene
1794,PCNA,gene
1795,PCSK9,gene
1796,PCYT1A,gene
1797,PDCD1,gene
1798,PDCD6IP,gene
1799,PDE10A,gene
1800,PDE1B,gene
1801,PDE1C,gene
1802,PDE3A,gene
1803,PDE3B,gene
1804,PDE4A,gene
1805,PDE4B,gene
1806,PDE4C,gene
1807,PDE4D,gene
1808,PDE6B,gene
1809,PDE6G,gene
1810,PDGFA,gene
1811,PDGFB,gene
1812,PDGFC,gene
1813,PDGFD,gene
1814,PDGFRA,gene
1815,PDHB,gene
1816,PDIA3,gene
1817,PDK1,gene
1818,PDPK1,gene
1819,PDX1,gene
1820,PDYN,gene
1821,PECAM1,gene
1822,PELO,gene
1823,PENK,gene
1824,PER1,gene
1825,PER2,gene
1826,PER3,gene
1827,PERP,gene
1828,PEX14,gene
1829,PEX5,gene
1830,PEX5L,gene
1831,PF4V1,gene
1832,PFKFB2,gene
1833,PFKFB3,gene
1834,PFKFB4,gene
1835,PFKL,gene
1836,PFKM,gene
1837,PFKP,gene
1838,PFN1,gene
1839,PFN2,gene
1840,PFN3,gene
1841,PFN4,gene
1842,PGAM1,gene
1843,PGAM2,gene
1844,PGAM5,gene
1845,PGF,gene
1846,PGR,gene
1847,PHAX,gene
1848,PHF10,gene
1849,PHKB,gene
1850,PHKG1,gene
1851,PHKG2,gene
1852,PHLPP1,gene
1853,PIAS1,gene
1854,PIAS2,gene
1855,PIAS3,gene
1856,PIAS4,gene
1857,PIGC,gene
1858,PIGF,gene
1859,PIGH,gene
1860,PIGK,gene
1861,PIGM,gene
1862,PIGO,gene
1863,PIGP,gene
1864,PIGQ,gene
1865,PIGT,gene
1866,PIGX,gene
1867,PIK3AP1,gene
1868,PIK3C3,gene
1869,PIK3CA,gene
1870,PIK3CD,gene
1871,PIK3R1,gene
1872,PIK3R2,gene
1873,PIK3R3,gene
1874,PIK3R4,gene
1875,PIK3R5,gene
1876,PIKFYVE,gene
1877,PILRA,gene
1878,PIM1,gene
1879,PIN1,gene
1880,PINK1,gene
1881,PIP4K2A,gene
1882,PIP4K2B,gene
1883,PIP4K2C,gene
1884,PIP5K1B,gene
1885,PITX2,gene
1886,PKIA,gene
1887,PKM,gene
1888,PKMYT1,gene
1889,PKN1,gene
1890,PKN3,gene
1891,PLA2G12A,gene
1892,PLA2G2E,gene
1893,PLA2G4B,gene
1894,PLA2G4F,gene
1895,PLA2G6,gene
1896,PLA2R1,gene
1897,PLAT,gene
1898,PLAU,gene
1899,PLAUR,gene
1900,PLCB1,gene
1901,PLCB2,gene
1902,PLCB3,gene
1903,PLCB4,gene
1904,PLCD1,gene
1905,PLCD3,gene
1906,PLCE1,gene
1907,PLCG1,gene
1908,PLCG2,gene
1909,PLCL1,gene
1910,PLD1,gene
1911,PLD2,gene
1912,PLEKHM2,gene
1913,PLIN2,gene
1914,PLIN4,gene
1915,PLIN5,gene
1916,PLK1,gene
1917,PLK2,gene
1918,PLK3,gene
1919,PLK4,gene
1920,PLTP,gene
1921,PLXNA2,gene
1922,PLXNA4,gene
1923,PLXNB1,gene
1924,PLXNB2,gene
1925,PLXNC1,gene
1926,PMAIP1,gene
1927,PML,gene
1928,PMS2,gene
1929,PNN,gene
1930,PNPLA2,gene
1931,POLB,gene
1932,POLK,gene
1933,POMC,gene
1934,PPARA,gene
1935,PPARD,gene
1936,PPARG,gene
1937,PPARGC1A,gene
1938,PPARGC1B,gene
1939,PPIF,gene
1940,PPM1A,gene
1941,PPM1B,gene
1942,PPM1D,gene
1943,PPP1CA,gene
1944,PPP1CB,gene
1945,PPP1CC,gene
1946,PPP1R12A,gene
1947,PPP1R12B,gene
1948,PPP1R12C,gene
1949,PPP1R14A,gene
1950,PPP1R15A,gene
1951,PPP1R1A,gene
1952,PPP1R1B,gene
1953,PPP1R3B,gene
1954,PPP1R3C,gene
1955,PPP1R3D,gene
1956,PPP1R3E,gene
1957,PPP2CA,gene
1958,PPP2CB,gene
1959,PPP2R1A,gene
1960,PPP2R2A,gene
1961,PPP2R2C,gene
1962,PPP2R2D,gene
1963,PPP2R3A,gene
1964,PPP2R3C,gene
1965,PPP2R5A,gene
1966,PPP2R5B,gene
1967,PPP2R5C,gene
1968,PPP2R5E,gene
1969,PPP3CA,gene
1970,PPP3CC,gene
1971,PPP3R1,gene
1972,PPP3R2,gene
1973,PPP4C,gene
1974,PPY,gene
1975,PRAP1,gene
1976,PRDM16,gene
1977,PRDM4,gene
1978,PREB,gene
1979,PREX1,gene
1980,PRICKLE1,gene
1981,PRICKLE4,gene
1982,PRKAA1,gene
1983,PRKAA2,gene
1984,PRKAB1,gene
1985,PRKAB2,gene
1986,PRKACA,gene
1987,PRKACB,gene
1988,PRKACG,gene
1989,PRKAG1,gene
1990,PRKAG2,gene
1991,PRKAG3,gene
1992,PRKCA,gene
1993,PRKCB,gene
1994,PRKCD,gene
1995,PRKCE,gene
1996,PRKCG,gene
1997,PRKCH,gene
1998,PRKCI,gene
1999,PRKCQ,gene
2000,PRKCZ,gene
2001,PRKD1,gene
2002,PRKD2,gene
2003,PRKDC,gene
2004,PRKG1,gene
2005,PRKG2,gene
2006,PRMT1,gene
2007,PRNP,gene
2008,PROC,gene
2009,PROCR,gene
2010,PRR5,gene
2011,PRSS3,gene
2012,PSEN1,gene
2013,PSEN2,gene
2014,PSENEN,gene
2015,PSMC1,gene
2016,PSME1,gene
2017,PSME2,gene
2018,PSME3,gene
2019,PTAFR,gene
2020,PTCH1,gene
2021,PTCH2,gene
2022,PTCRA,gene
2023,PTEN,gene
2024,PTGER1,gene
2025,PTGER2,gene
2026,PTGER4,gene
2027,PTGIR,gene
2028,PTGS1,gene
2029,PTGS2,gene
2030,PTH1R,gene
2031,PTH2,gene
2032,PTH2R,gene
2033,PTHLH,gene
2034,PTK2,gene
2035,PTK2B,gene
2036,PTPN1,gene
2037,PTPN11,gene
2038,PTPN13,gene
2039,PTPN2,gene
2040,PTPN5,gene
2041,PTPN6,gene
2042,PTPN7,gene
2043,PTPRB,gene
2044,PTPRF,gene
2045,PTPRM,gene
2046,PTPRZ1,gene
2047,PXN,gene
2048,PYCARD,gene
2049,PYDC1,gene
2050,PYGB,gene
2051,PYGL,gene
2052,PYGM,gene
2053,PYY,gene
2054,RAB10,gene
2055,RAB11A,gene
2056,RAB11B,gene
2057,RAB11FIP1,gene
2058,RAB11FIP2,gene
2059,RAB11FIP5,gene
2060,RAB13,gene
2061,RAB14,gene
2062,RAB2A,gene
2063,RAB33B,gene
2064,RAB3A,gene
2065,RAB4A,gene
2066,RAB5B,gene
2067,RAB5C,gene
2068,RAB7A,gene
2069,RAB8A,gene
2070,RAB8B,gene
2071,RAC1,gene
2072,RAC3,gene
2073,RAD1,gene
2074,RAD50,gene
2075,RAD51,gene
2076,RAD51C,gene
2077,RAD9A,gene
2078,RAD9B,gene
2079,RAE1,gene
2080,RAF1,gene
2081,RALA,gene
2082,RALB,gene
2083,RALBP1,gene
2084,RALGDS,gene
2085,RAMP1,gene
2086,RAMP2,gene
2087,RAMP3,gene
2088,RAN,gene
2089,RANBP2,gene
2090,RANGAP1,gene
2091,RAP1A,gene
2092,RAP1B,gene
2093,RAP1GAP,gene
2094,RAPGEF1,gene
2095,RAPGEF2,gene
2096,RAPGEF3,gene
2097,RAPGEF4,gene
2098,RAPGEF5,gene
2099,RAPGEF6,gene
2100,RARA,gene
2101,RARB,gene
2102,RASA1,gene
2103,RASA2,gene
2104,RASA3,gene
2105,RASAL1,gene
2106,RASAL2,gene
2107,RASD1,gene
2108,RASGRF1,gene
2109,RASGRF2,gene
2110,RASGRP1,gene
2111,RASGRP2,gene
2112,RASGRP3,gene
2113,RASGRP4,gene
2114,RASSF1,gene
2115,RASSF2,gene
2116,RASSF4,gene
2117,RASSF5,gene
2118,RB1,gene
2119,RB1CC1,gene
2120,RBBP4,gene
2121,RBBP5,gene
2122,RBBP8,gene
2123,RBCK1,gene
2124,RBL2,gene
2125,RBM8A,gene
2126,RBPJ,gene
2127,RBPJL,gene
2128,RBX1,gene
2129,RCAN1,gene
2130,RCAN2,gene
2131,RCHY1,gene
2132,RCVRN,gene
2133,RDX,gene
2134,REC8,gene
2135,REL,gene
2136,RELA,gene
2137,RELB,gene
2138,RELN,gene
2139,REST,gene
2140,RET,gene
2141,RFNG,gene
2142,RFX5,gene
2143,RFXANK,gene
2144,RGL1,gene
2145,RGL2,gene
2146,RGMA,gene
2147,RGMB,gene
2148,RGS2,gene
2149,RGS3,gene
2150,RGS9,gene
2151,RHEB,gene
2152,RHOA,gene
2153,RHOD,gene
2154,RHOG,gene
2155,RHOQ,gene
2156,RHOT1,gene
2157,RHOT2,gene
2158,RICTOR,gene
2159,RILP,gene
2160,RIMS1,gene
2161,RIMS2,gene
2162,RIN1,gene
2163,RIPK1,gene
2164,RIPK2,gene
2165,RMI1,gene
2166,RMI2,gene
2167,RNASEL,gene
2168,RND1,gene
2169,RNF125,gene
2170,RNF152,gene
2171,RNF31,gene
2172,RNF41,gene
2173,RNF7,gene
2174,RNPS1,gene
2175,ROBO1,gene
2176,ROBO2,gene
2177,ROBO3,gene
2178,ROCK1,gene
2179,ROCK2,gene
2180,ROR1,gene
2181,ROR2,gene
2182,RORA,gene
2183,RORB,gene
2184,RPA1,gene
2185,RPN1,gene
2186,RPN2,gene
2187,RPRM,gene
2188,RPS6,gene
2189,RPS6KA1,gene
2190,RPS6KA2,gene
2191,RPS6KA4,gene
2192,RPS6KA5,gene
2193,RPS6KB1,gene
2194,RPS6KB2,gene
2195,RRAGA,gene
2196,RRAGC,gene
2197,RRAGD,gene
2198,RRAS,gene
2199,RRAS2,gene
2200,RRM2,gene
2201,RRM2B,gene
2202,RSPO1,gene
2203,RSPO2,gene
2204,RSPO3,gene
2205,RSPO4,gene
2206,RUFY1,gene
2207,RUNX1,gene
2208,RUNX1T1,gene
2209,RUNX2,gene
2210,RUNX3,gene
2211,RUVBL1,gene
2212,RXFP3,gene
2213,RXRA,gene
2214,RXRB,gene
2215,RXRG,gene
2216,RYK,gene
2217,RYR1,gene
2218,RYR2,gene
2219,S1PR1,gene
2220,S1PR2,gene
2221,S1PR3,gene
2222,S1PR4,gene
2223,S1PR5,gene
2224,SAMHD1,gene
2225,SAP18,gene
2226,SAP30,gene
2227,SAR1A,gene
2228,SAV1,gene
2229,SCD,gene
2230,SCD5,gene
2231,SCIN,gene
2232,SCN1B,gene
2233,SCN4B,gene
2234,SCN5A,gene
2235,SCN9A,gene
2236,SCNN1A,gene
2237,SCNN1B,gene
2238,SCNN1G,gene
2239,SCO2,gene
2240,SCP2,gene
2241,SCRIB,gene
2242,SCT,gene
2243,SCTR,gene
2244,SDC1,gene
2245,SDC2,gene
2246,SDC4,gene
2247,SEC13,gene
2248,SEC23B,gene
2249,SEC24A,gene
2250,SEC24B,gene
2251,SEC24D,gene
2252,SEC31A,gene
2253,SEC31B,gene
2254,SEH1L,gene
2255,SEMA3A,gene
2256,SEMA3B,gene
2257,SEMA3C,gene
2258,SEMA3F,gene
2259,SEMA3G,gene
2260,SEMA4A,gene
2261,SEMA4B,gene
2262,SEMA4C,gene
2263,SEMA4D,gene
2264,SEMA4F,gene
2265,SEMA7A,gene
2266,SENP2,gene
2267,SERPINA1,gene
2268,SERPINA5,gene
2269,SERPINE1,gene
2270,SERPINF1,gene
2271,SERPING1,gene
2272,SESN1,gene
2273,SESN2,gene
2274,SESN3,gene
2275,SETD7,gene
2276,SFN,gene
2277,SFRP1,gene
2278,SFRP2,gene
2279,SFRP4,gene
2280,SFRP5,gene
2281,SGK1,gene
2282,SGK2,gene
2283,SGK3,gene
2284,SH2B1,gene
2285,SH2B2,gene
2286,SH2B3,gene
2287,SH2D2A,gene
2288,SH3BP2,gene
2289,SH3GL1,gene
2290,SH3GL2,gene
2291,SH3GL3,gene
2292,SH3GLB1,gene
2293,SH3GLB2,gene
2294,SHANK1,gene
2295,SHANK2,gene
2296,SHANK3,gene
2297,SHARPIN,gene
2298,SHC2,gene
2299,SHC4,gene
2300,SHH,gene
2301,SHISA5,gene
2302,SHOC2,gene
2303,SIAH1,gene
2304,SIK1,gene
2305,SIK2,gene
2306,SIN3A,gene
2307,SIPA1,gene
2308,SIPA1L1,gene
2309,SIRPA,gene
2310,SIRT1,gene
2311,SIRT6,gene
2312,SIVA1,gene
2313,SKAP1,gene
2314,SKAP2,gene
2315,SKP1,gene
2316,SKP2,gene
2317,SLC12A2,gene
2318,SLC1A5,gene
2319,SLC22A2,gene
2320,SLC22A3,gene
2321,SLC22A4,gene
2322,SLC22A5,gene
2323,SLC25A31,gene
2324,SLC25A4,gene
2325,SLC27A1,gene
2326,SLC27A4,gene
2327,SLC2A1,gene
2328,SLC2A4,gene
2329,SLC2A5,gene
2330,SLC34A1,gene
2331,SLC34A2,gene
2332,SLC34A3,gene
2333,SLC38A9,gene
2334,SLC3A2,gene
2335,SLC44A1,gene
2336,SLC44A2,gene
2337,SLC44A3,gene
2338,SLC44A4,gene
2339,SLC44A5,gene
2340,SLC45A3,gene
2341,SLC5A7,gene
2342,SLC6A3,gene
2343,SLC7A5,gene
2344,SLC8A1,gene
2345,SLC8A2,gene
2346,SLC8A3,gene
2347,SLC9A3R1,gene
2348,SLIT1,gene
2349,SLIT2,gene
2350,SLK,gene
2351,SMAD1,gene
2352,SMAD2,gene
2353,SMAD3,gene
2354,SMAD4,gene
2355,SMAD5,gene
2356,SMAD6,gene
2357,SMAD7,gene
2358,SMAD9,gene
2359,SMARCA2,gene
2360,SMARCA4,gene
2361,SMARCB1,gene
2362,SMARCC1,gene
2363,SMARCC2,gene
2364,SMARCD1,gene
2365,SMARCD2,gene
2366,SMARCD3,gene
2367,SMARCE1,gene
2368,SMCR8,gene
2369,SMG1,gene
2370,SMG5,gene
2371,SMG6,gene
2372,SMG7,gene
2373,SMO,gene
2374,SMPD2,gene
2375,SMURF1,gene
2376,SMURF2,gene
2377,SNAI1,gene
2378,SNAP23,gene
2379,SNAP25,gene
2380,SNAP29,gene
2381,SNUPN,gene
2382,SOCS1,gene
2383,SOCS2,gene
2384,SOCS3,gene
2385,SOCS4,gene
2386,SOCS5,gene
2387,SOCS6,gene
2388,SOCS7,gene
2389,SOD1,gene
2390,SOD2,gene
2391,SORBS1,gene
2392,SORT1,gene
2393,SOS1,gene
2394,SOS2,gene
2395,SOST,gene
2396,SOX17,gene
2397,SOX9,gene
2398,SP1,gene
2399,SPATA13,gene
2400,SPATA2,gene
2401,SPATA2L,gene
2402,SPDYA,gene
2403,SPDYE4,gene
2404,SPHK1,gene
2405,SPHK2,gene
2406,SPI1,gene
2407,SPOP,gene
2408,SPOPL,gene
2409,SPTAN1,gene
2410,SQSTM1,gene
2411,SRC,gene
2412,SREBF1,gene
2413,SRF,gene
2414,SRGAP1,gene
2415,SRGAP3,gene
2416,SRSF1,gene
2417,SRSF2,gene
2418,SRSF3,gene
2419,SRSF4,gene
2420,SRSF5,gene
2421,SRSF6,gene
2422,SRSF7,gene
2423,SRSF9,gene
2424,SSH1,gene
2425,SSH2,gene
2426,SSH3,gene
2427,SSTR2,gene
2428,SSTR3,gene
2429,SSTR4,gene
2430,SSTR5,gene
2431,SSU72,gene
2432,SSX2IP,gene
2433,STAG1,gene
2434,STAM2,gene
2435,STARD3,gene
2436,STAT1,gene
2437,STAT2,gene
2438,STAT3,gene
2439,STAT5A,gene
2440,STAT5B,gene
2441,STAT6,gene
2442,STEAP3,gene
2443,STIM1,gene
2444,STIM2,gene
2445,STIP1,gene
2446,STK11,gene
2447,STK3,gene
2448,STK4,gene
2449,STMN1,gene
2450,STRADB,gene
2451,STRAP,gene
2452,STT3A,gene
2453,STT3B,gene
2454,STX10,gene
2455,STX18,gene
2456,STX1A,gene
2457,STX1B,gene
2458,STX2,gene
2459,STX4,gene
2460,STX5,gene
2461,STX7,gene
2462,STX8,gene
2463,STXBP1,gene
2464,SUFU,gene
2465,SUGT1,gene
2466,SUMO1,gene
2467,SUMO2,gene
2468,SUMO3,gene
2469,SV2A,gene
2470,SV2B,gene
2471,SV2C,gene
2472,SVIP,gene
2473,SYCP3,gene
2474,SYK,gene
2475,SYMPK,gene
2476,SYNPO,gene
2477,TAB1,gene
2478,TAB2,gene
2479,TAC1,gene
2480,TACR1,gene
2481,TACR2,gene
2482,TACR3,gene
2483,TADA3,gene
2484,TANK,gene
2485,TAOK1,gene
2486,TAOK2,gene
2487,TAOK3,gene
2488,TAP1,gene
2489,TAP2,gene
2490,TAPBP,gene
2491,TAS1R1,gene
2492,TAS1R2,gene
2493,TAS1R3,gene
2494,TBC1D1,gene
2495,TBC1D15,gene
2496,TBC1D17,gene
2497,TBC1D4,gene
2498,TBC1D7,gene
2499,TBK1,gene
2500,TBKBP1,gene
2501,TBL1XR1,gene
2502,TBX21,gene
2503,TBX3,gene
2504,TBXA2R,gene
2505,TCF3,gene
2506,TCF7,gene
2507,TCF7L1,gene
2508,TCF7L2,gene
2509,TCIRG1,gene
2510,TCL1A,gene
2511,TCL1B,gene
2512,TEAD1,gene
2513,TEAD2,gene
2514,TEAD3,gene
2515,TEAD4,gene
2516,TEC,gene
2517,TEK,gene
2518,TELO2,gene
2519,TERC,gene
2520,TERT,gene
2521,TF,gene
2522,TFAP4,gene
2523,TFDP1,gene
2524,TFDP2,gene
2525,TFEB,gene
2526,TFF1,gene
2527,TFG,gene
2528,TFRC,gene
2529,TGFA,gene
2530,TGFB1,gene
2531,TGFB3,gene
2532,TGFBR1,gene
2533,TGIF1,gene
2534,TGIF2,gene
2535,TH,gene
2536,THBD,gene
2537,THBS1,gene
2538,THBS3,gene
2539,THBS4,gene
2540,THEM4,gene
2541,THOC1,gene
2542,THOC5,gene
2543,THOC7,gene
2544,THPO,gene
2545,THRA,gene
2546,THRB,gene
2547,THY1,gene
2548,TIAM1,gene
2549,TICAM1,gene
2550,TIRAP,gene
2551,TJP1,gene
2552,TJP2,gene
2553,TJP3,gene
2554,TLN1,gene
2555,TLR2,gene
2556,TLR5,gene
2557,TLR9,gene
2558,TMBIM6,gene
2559,TNF,gene
2560,TNFAIP3,gene
2561,TNFRSF10A,gene
2562,TNFRSF10B,gene
2563,TNFRSF11A,gene
2564,TNFRSF12A,gene
2565,TNFRSF13B,gene
2566,TNFRSF13C,gene
2567,TNFRSF14,gene
2568,TNFRSF1B,gene
2569,TNFRSF6B,gene
2570,TNFSF12,gene
2571,TNFSF13,gene
2572,TNFSF14,gene
2573,TNNC1,gene
2574,TNNI3,gene
2575,TNXB,gene
2576,TOB1,gene
2577,TOB2,gene
2578,TOLLIP,gene
2579,TOMM40,gene
2580,TOMM7,gene
2581,TOP3A,gene
2582,TOPBP1,gene
2583,TP53,gene
2584,TP53AIP1,gene
2585,TP53BP1,gene
2586,TP53BP2,gene
2587,TP53I3,gene
2588,TP53INP2,gene
2589,TP73,gene
2590,TPM1,gene
2591,TPM2,gene
2592,TPM3,gene
2593,TPM4,gene
2594,TPR,gene
2595,TRADD,gene
2596,TRAF1,gene
2597,TRAF2,gene
2598,TRAF3,gene
2599,TRAF3IP2,gene
2600,TRAF4,gene
2601,TRAF5,gene
2602,TRAF6,gene
2603,TRAK2,gene
2604,TRIB3,gene
2605,TRIM25,gene
2606,TRIM71,gene
2607,TRIP10,gene
2608,TRIP6,gene
2609,TRPC1,gene
2610,TRPC3,gene
2611,TRPV1,gene
2612,TRPV4,gene
2613,TRPV5,gene
2614,TSC1,gene
2615,TSC2,gene
2616,TSHR,gene
2617,TSLP,gene
2618,TSPO,gene
2619,TST,gene
2620,TTF1,gene
2621,TTF2,gene
2622,TTI1,gene
2623,TTK,gene
2624,TUBA1A,gene
2625,TUBA1C,gene
2626,TUBA3C,gene
2627,TUBA3E,gene
2628,TUBA4A,gene
2629,TUBA8,gene
2630,TUBAL3,gene
2631,TUBB,gene
2632,TUBB1,gene
2633,TUBB2A,gene
2634,TUBB2B,gene
2635,TUBB3,gene
2636,TUBB4A,gene
2637,TUBB4B,gene
2638,TUBB6,gene
2639,TUSC3,gene
2640,TWIST1,gene
2641,TWIST2,gene
2642,TXN,gene
2643,TXN2,gene
2644,TXNIP,gene
2645,TXNRD1,gene
2646,TXNRD2,gene
2647,TXNRD3,gene
2648,TYK2,gene
2649,UBB,gene
2650,UBC,gene
2651,UBE2D1,gene
2652,UBE2D2,gene
2653,UBE2D3,gene
2654,UBE2D4,gene
2655,UBE2I,gene
2656,UBE2L3,gene
2657,UBE2L6,gene
2658,UBE2T,gene
2659,UBE3A,gene
2660,UBXN6,gene
2661,UCN,gene
2662,UCN2,gene
2663,UCP1,gene
2664,UIMC1,gene
2665,ULK1,gene
2666,ULK2,gene
2667,UNC5A,gene
2668,UNC5B,gene
2669,UNC5C,gene
2670,UNC5D,gene
2671,UPF1,gene
2672,UPF2,gene
2673,UPF3A,gene
2674,URM1,gene
2675,USE1,gene
2676,USP1,gene
2677,USP21,gene
2678,USP7,gene
2679,USP8,gene
2680,UTS2,gene
2681,UTS2R,gene
2682,UVRAG,gene
2683,VAMP1,gene
2684,VAMP2,gene
2685,VAMP3,gene
2686,VAMP4,gene
2687,VANGL1,gene
2688,VANGL2,gene
2689,VAPA,gene
2690,VAPB,gene
2691,VASP,gene
2692,VAV2,gene
2693,VAV3,gene
2694,VCL,gene
2695,VCP,gene
2696,VDAC1,gene
2697,VDAC2,gene
2698,VDAC3,gene
2699,VDR,gene
2700,VEGFA,gene
2701,VEGFB,gene
2702,VEGFC,gene
2703,VHL,gene
2704,VIPR2,gene
2705,VPS4A,gene
2706,VPS4B,gene
2707,VTI1A,gene
2708,VTI1B,gene
2709,WASF1,gene
2710,WASF2,gene
2711,WASF3,gene
2712,WASL,gene
2713,WDR24,gene
2714,WDR33,gene
2715,WDR41,gene
2716,WDR48,gene
2717,WDR5,gene
2718,WDR59,gene
2719,WDR5B,gene
2720,WDR82,gene
2721,WEE1,gene
2722,WFS1,gene
2723,WHAMM,gene
2724,WIF1,gene
2725,WIPF1,gene
2726,WIPF2,gene
2727,WIPF3,gene
2728,WIPI1,gene
2729,WIPI2,gene
2730,WNT1,gene
2731,WNT10A,gene
2732,WNT10B,gene
2733,WNT11,gene
2734,WNT16,gene
2735,WNT2,gene
2736,WNT2B,gene
2737,WNT3,gene
2738,WNT3A,gene
2739,WNT4,gene
2740,WNT5A,gene
2741,WNT6,gene
2742,WNT7A,gene
2743,WNT7B,gene
2744,WNT9A,gene
2745,WNT9B,gene
2746,WTIP,gene
2747,WWC1,gene
2748,WWP1,gene
2749,WWTR1,gene
2750,XBP1,gene
2751,XPO1,gene
2752,XPO5,gene
2753,XPOT,gene
2754,YAP1,gene
2755,YES1,gene
2756,YWHAB,gene
2757,YWHAE,gene
2758,YWHAG,gene
2759,YWHAH,gene
2760,YWHAQ,gene
2761,YWHAZ,gene
2762,ZAP70,gene
2763,ZBP1,gene
2764,ZBTB16,gene
2765,ZBTB17,gene
2766,ZEB1,gene
2767,ZFP1,gene
2768,ZFP14,gene
2769,ZFP28,gene
2770,ZFP30,gene
2771,ZFP36,gene
2772,ZFP36L1,gene
2773,ZFP36L2,gene
2774,ZFP37,gene
2775,ZFP57,gene
2776,ZFP82,gene
2777,ZFP90,gene
2778,ZFPM2,gene
2779,ZFYVE16,gene
2780,ZFYVE9,gene
2781,ZIK1,gene
2782,ZMAT3,gene
2783,ZNF10,gene
2784,ZNF101,gene
2785,ZNF12,gene
2786,ZNF132,gene
2787,ZNF133,gene
2788,ZNF135,gene
2789,ZNF136,gene
2790,ZNF14,gene
2791,ZNF141,gene
2792,ZNF154,gene
2793,ZNF155,gene
2794,ZNF160,gene
2795,ZNF169,gene
2796,ZNF177,gene
2797,ZNF180,gene
2798,ZNF181,gene
2799,ZNF184,gene
2800,ZNF189,gene
2801,ZNF19,gene
2802,ZNF195,gene
2803,ZNF20,gene
2804,ZNF200,gene
2805,ZNF205,gene
2806,ZNF212,gene
2807,ZNF221,gene
2808,ZNF222,gene
2809,ZNF223,gene
2810,ZNF224,gene
2811,ZNF225,gene
2812,ZNF226,gene
2813,ZNF227,gene
2814,ZNF229,gene
2815,ZNF23,gene
2816,ZNF230,gene
2817,ZNF234,gene
2818,ZNF235,gene
2819,ZNF248,gene
2820,ZNF25,gene
2821,ZNF250,gene
2822,ZNF251,gene
2823,ZNF253,gene
2824,ZNF254,gene
2825,ZNF256,gene
2826,ZNF257,gene
2827,ZNF264,gene
2828,ZNF268,gene
2829,ZNF273,gene
2830,ZNF274,gene
2831,ZNF282,gene
2832,ZNF283,gene
2833,ZNF284,gene
2834,ZNF3,gene
2835,ZNF300,gene
2836,ZNF302,gene
2837,ZNF304,gene
2838,ZNF311,gene
2839,ZNF320,gene
2840,ZNF324,gene
2841,ZNF324B,gene
2842,ZNF331,gene
2843,ZNF333,gene
2844,ZNF334,gene
2845,ZNF337,gene
2846,ZNF33A,gene
2847,ZNF34,gene
2848,ZNF343,gene
2849,ZNF347,gene
2850,ZNF354A,gene
2851,ZNF354B,gene
2852,ZNF354C,gene
2853,ZNF382,gene
2854,ZNF383,gene
2855,ZNF398,gene
2856,ZNF415,gene
2857,ZNF416,gene
2858,ZNF417,gene
2859,ZNF420,gene
2860,ZNF425,gene
2861,ZNF43,gene
2862,ZNF430,gene
2863,ZNF432,gene
2864,ZNF433,gene
2865,ZNF436,gene
2866,ZNF44,gene
2867,ZNF440,gene
2868,ZNF442,gene
2869,ZNF443,gene
2870,ZNF45,gene
2871,ZNF454,gene
2872,ZNF460,gene
2873,ZNF461,gene
2874,ZNF468,gene
2875,ZNF470,gene
2876,ZNF471,gene
2877,ZNF473,gene
2878,ZNF480,gene
2879,ZNF490,gene
2880,ZNF506,gene
2881,ZNF510,gene
2882,ZNF514,gene
2883,ZNF516,gene
2884,ZNF517,gene
2885,ZNF527,gene
2886,ZNF528,gene
2887,ZNF529,gene
2888,ZNF540,gene
2889,ZNF543,gene
2890,ZNF544,gene
2891,ZNF546,gene
2892,ZNF547,gene
2893,ZNF548,gene
2894,ZNF549,gene
2895,ZNF550,gene
2896,ZNF552,gene
2897,ZNF554,gene
2898,ZNF555,gene
2899,ZNF556,gene
2900,ZNF557,gene
2901,ZNF558,gene
2902,ZNF559,gene
2903,ZNF559-ZNF177,gene
2904,ZNF561,gene
2905,ZNF562,gene
2906,ZNF564,gene
2907,ZNF565,gene
2908,ZNF566,gene
2909,ZNF567,gene
2910,ZNF568,gene
2911,ZNF569,gene
2912,ZNF57,gene
2913,ZNF570,gene
2914,ZNF571,gene
2915,ZNF583,gene
2916,ZNF584,gene
2917,ZNF585A,gene
2918,ZNF587,gene
2919,ZNF596,gene
2920,ZNF597,gene
2921,ZNF599,gene
2922,ZNF600,gene
2923,ZNF606,gene
2924,ZNF607,gene
2925,ZNF610,gene
2926,ZNF611,gene
2927,ZNF613,gene
2928,ZNF615,gene
2929,ZNF616,gene
2930,ZNF619,gene
2931,ZNF620,gene
2932,ZNF621,gene
2933,ZNF623,gene
2934,ZNF627,gene
2935,ZNF641,gene
2936,ZNF649,gene
2937,ZNF662,gene
2938,ZNF665,gene
2939,ZNF667,gene
2940,ZNF670,gene
2941,ZNF671,gene
2942,ZNF675,gene
2943,ZNF677,gene
2944,ZNF682,gene
2945,ZNF684,gene
2946,ZNF688,gene
2947,ZNF689,gene
2948,ZNF699,gene
2949,ZNF7,gene
2950,ZNF700,gene
2951,ZNF701,gene
2952,ZNF707,gene
2953,ZNF709,gene
2954,ZNF713,gene
2955,ZNF717,gene
2956,ZNF718,gene
2957,ZNF721,gene
2958,ZNF726,gene
2959,ZNF729,gene
2960,ZNF74,gene
2961,ZNF746,gene
2962,ZNF749,gene
2963,ZNF761,gene
2964,ZNF763,gene
2965,ZNF764,gene
2966,ZNF766,gene
2967,ZNF768,gene
2968,ZNF77,gene
2969,ZNF777,gene
2970,ZNF778,gene
2971,ZNF780A,gene
2972,ZNF780B,gene
2973,ZNF782,gene
2974,ZNF783,gene
2975,ZNF785,gene
2976,ZNF786,gene
2977,ZNF79,gene
2978,ZNF790,gene
2979,ZNF791,gene
2980,ZNF792,gene
2981,ZNF793,gene
2982,ZNF799,gene
2983,ZNF813,gene
2984,ZNF816,gene
2985,ZNF823,gene
2986,ZNF829,gene
2987,ZNF83,gene
2988,ZNF841,gene
2989,ZNF845,gene
2990,ZNF846,gene
2991,ZNF850,gene
2992,ZNF853,gene
2993,ZNF860,gene
2994,ZNF878,gene
2995,ZNF879,gene
2996,ZNF90,gene
2997,ZNF93,gene
2998,ZNF99,gene
2999,ZNRF3,gene
3000,ZYX,gene
3001,Azacitidine,drug
3002,Celecoxib,drug
3003,Cladribine,drug
3004,Dasatinib,drug
3005,Decitabine,drug
3006,Docetaxel,drug
3007,Everolimus,drug
3008,Fulvestrant,drug
3009,Gefitinib,drug
3010,Lenalidomide,drug
3011,Megestrol acetate,drug
3012,Mitotane,drug
3013,Nilotinib,drug
3014,Paclitaxel,drug
3015,Romidepsin,drug
3016,Sirolimus,drug
3017,Thalidomide,drug
3018,Tretinoin,drug
3019,Vorinostat,drug
3020,Zoledronic acid,drug
